name,engine,key,unlockLevel,starter,location
Amy Rose,native,wonka,coral,False,Bikini Bottom
Barbarian Homer + Mage Marge,extra,homerMarge,evergreen,False,Detention on Evergreen Terrace
Charizard,v440,charizard,dazed,False,Wherever Psyduck Lives
Clayface,extra,clayface,gotham,False,Gotham City
Count Chocula,native,mills,mills,False,Smooth Criminal Cereal
Death Star,v460,death,lava,False,Mordor
McFly + DeLorean,v460,delorean,space,False,Definitely Not Kansas
Duffman,native,office,,True,Available from Start
Frodo + Gimli,v478,frodo,mountain,False,Partly Cloudy Painting
Goku,v440,goku,pridelands,False,The Pride Lands
Green Goblin,extra,greenGoblin,,True,Available from Start
Grinch + Max,v478,grinch,,True,Available from Start
Iron Man,native,sentinel,pizza,False,Minion's Pizza Panic
Joker + Batmobile,v460,joker,office,False,Office Hours
King Kong,native,jungle,tokoyo,False,Tokoyo
Leeroy Jenkins,final,leroy,,True,Available from Start
Michelangelo,native,tokoyo,meadow,False,NYC Rooftop
Mint-Berry Crunch,native,coonfriends,coonfriends,False,Coon & Friends
Ms. Pac-Man,v440,msPacman,wonka,False,Wonka Factory
Shaggy + Mystery Machine,v460,mystery,spooky,False,Haunted Hollow
Night King,native,goomba,desert,False,Shaq Shaqti’s Sand Trap
Olaf,v437,olaf,waterfall,False,"Water ""Fall"""
Princess Peach,final,peach,goomba,False,Goomba Gauntlet
Snoopy + Woodstock,final,snoopy,,True,Available from Start
Storm,v440,storm,sentinel,False,Sentinel Factory
T-101,native,pridelands,,True,Available from Start
Tommy + Reptar,extra,tommy,playpen,False,PlayPlace
Uncle Eddie + RV,v460,eddie,snow,False,Island of Misfit Toys
Wonder Woman,v440,wonderWoman,jungle,False,Vamanous Jungle
Woody,native,desert,andy,False,Andy's Room
